,pm2_5,pm10,no2,so2
count,9314.0,395520.0,419509.0,401096.0
mean,40.79146703886623,108.83278418538409,25.80962289781126,10.829414322672587
std,30.83252458263816,74.8724299516311,18.503086398779512,11.177186856257062
min,3.0,0.0,0.0,0.0
25%,24.0,56.0,14.0,5.0
50%,32.0,90.0,22.0,8.0
75%,46.0,142.0,32.2,13.7
max,504.0,6307.033333,876.0,909.0
